{
    "accuracy": 0.9919282511210762,
    "precision": 1.0,
    "recall": 0.9395973154362416
}